split,origin,valid_time,lead_hours,run_lead_hours,observed_c,persistence_c,yesterday_c,ecmwf_ifs_c,scored,timesfm_c,timesfm_p10_c,timesfm_p20_c,timesfm_p30_c,timesfm_p40_c,timesfm_p50_c,timesfm_p60_c,timesfm_p70_c,timesfm_p80_c,timesfm_p90_c
development,2025-06-01T06:00:00+00:00,2025-06-01 07:00:00+00:00,1,7,30.0,29.0,27.0,30.9,True,29.45858383178711,28.25525665283203,28.707244873046875,29.004053115844727,29.2409725189209,29.45858383178711,29.68296241760254,29.908588409423828,30.186458587646484,30.671541213989258
development,2025-06-01T06:00:00+00:00,2025-06-01 08:00:00+00:00,2,8,30.0,29.0,28.0,30.7,True,29.850486755371094,28.156272888183594,28.761886596679688,29.18210220336914,29.54644203186035,29.850486755371094,30.163639068603516,30.544479370117188,31.047056198120117,31.714744567871094
development,2025-06-01T06:00:00+00:00,2025-06-01 09:00:00+00:00,3,9,30.0,29.0,28.0,31.5,True,29.971527099609375,28.041810989379883,28.727203369140625,29.209936141967773,29.622045516967773,29.971527099609375,30.335060119628906,30.780841827392578,31.348358154296875,32.11388397216797
development,2025-06-01T06:00:00+00:00,2025-06-01 10:00:00+00:00,4,10,30.0,29.0,27.0,30.6,True,29.68259620666504,27.574535369873047,28.30757713317871,28.804834365844727,29.26129913330078,29.68259620666504,30.13018226623535,30.646869659423828,31.246938705444336,32.059329986572266
development,2025-06-01T06:00:00+00:00,2025-06-01 11:00:00+00:00,5,11,30.0,29.0,26.0,30.3,True,29.109886169433594,27.12123680114746,27.833354949951172,28.3116397857666,28.73137855529785,29.109886169433594,29.5001163482666,29.996761322021484,30.586515426635742,31.41315269470215
development,2025-06-01T06:00:00+00:00,2025-06-01 12:00:00+00:00,6,12,30.0,29.0,26.0,29.5,True,28.417774200439453,26.645227432250977,27.300437927246094,27.725719451904297,28.112512588500977,28.417774200439453,28.75421714782715,29.188114166259766,29.73318099975586,30.496807098388672
development,2025-06-01T06:00:00+00:00,2025-06-01 13:00:00+00:00,7,13,29.0,29.0,26.0,28.3,True,27.889543533325195,26.190595626831055,26.82911491394043,27.240690231323242,27.579103469848633,27.889543533325195,28.21757698059082,28.612838745117188,29.110044479370117,29.855186462402344
development,2025-06-01T06:00:00+00:00,2025-06-01 14:00:00+00:00,8,14,28.0,29.0,26.0,26.5,True,27.396854400634766,25.82145881652832,26.41481590270996,26.79776954650879,27.107454299926758,27.396854400634766,27.7102108001709,28.0872745513916,28.5572452545166,29.25205421447754
development,2025-06-01T06:00:00+00:00,2025-06-01 15:00:00+00:00,9,15,28.0,29.0,26.0,25.4,True,27.034948348999023,25.566486358642578,26.102243423461914,26.472640991210938,26.76358985900879,27.034948348999023,27.32430648803711,27.67393684387207,28.114017486572266,28.79862403869629
development,2025-06-01T06:00:00+00:00,2025-06-01 16:00:00+00:00,10,16,28.0,29.0,26.0,25.0,True,26.7745304107666,25.382122039794922,25.881513595581055,26.228252410888672,26.508413314819336,26.7745304107666,27.063844680786133,27.382280349731445,27.79031753540039,28.448637008666992
development,2025-06-01T06:00:00+00:00,2025-06-01 17:00:00+00:00,11,17,28.0,29.0,26.0,24.5,True,26.449129104614258,25.100189208984375,25.593202590942383,25.929195404052734,26.187416076660156,26.449129104614258,26.7356014251709,27.029584884643555,27.421947479248047,28.05284309387207
development,2025-06-01T06:00:00+00:00,2025-06-01 18:00:00+00:00,12,18,27.0,29.0,26.0,24.3,True,26.118995666503906,24.825849533081055,25.285808563232422,25.603906631469727,25.862924575805664,26.118995666503906,26.39264488220215,26.683713912963867,27.04286766052246,27.664241790771484
development,2025-06-01T06:00:00+00:00,2025-06-01 19:00:00+00:00,13,19,27.0,29.0,26.0,24.4,True,25.920055389404297,24.62250518798828,25.08739471435547,25.410335540771484,25.67190933227539,25.920055389404297,26.182315826416016,26.466461181640625,26.828998565673828,27.430158615112305
development,2025-06-01T06:00:00+00:00,2025-06-01 20:00:00+00:00,14,20,27.0,29.0,26.0,24.2,True,25.646886825561523,24.363065719604492,24.830429077148438,25.154720306396484,25.40700912475586,25.646886825561523,25.911712646484375,26.18233299255371,26.529207229614258,27.146350860595703
development,2025-06-01T06:00:00+00:00,2025-06-01 21:00:00+00:00,15,21,27.0,29.0,26.0,24.0,True,25.481712341308594,24.18000030517578,24.636987686157227,24.97934341430664,25.23311424255371,25.481712341308594,25.73737335205078,25.999048233032227,26.36896514892578,26.98331642150879
development,2025-06-01T06:00:00+00:00,2025-06-01 22:00:00+00:00,16,22,27.0,29.0,26.0,23.6,True,25.36469078063965,24.04175567626953,24.507844924926758,24.849842071533203,25.1192626953125,25.36469078063965,25.618867874145508,25.881759643554688,26.2529239654541,26.894887924194336
development,2025-06-01T06:00:00+00:00,2025-06-01 23:00:00+00:00,17,23,27.0,29.0,25.0,23.9,True,25.292430877685547,23.976226806640625,24.444969177246094,24.777433395385742,25.051210403442383,25.292430877685547,25.550073623657227,25.834745407104492,26.230361938476562,26.899370193481445
development,2025-06-01T06:00:00+00:00,2025-06-02 00:00:00+00:00,18,24,27.0,29.0,25.0,24.3,True,25.337265014648438,23.97042465209961,24.453845977783203,24.80234718322754,25.081615447998047,25.337265014648438,25.608537673950195,25.931236267089844,26.38703727722168,27.106809616088867
development,2025-06-01T06:00:00+00:00,2025-06-02 01:00:00+00:00,19,25,26.0,29.0,25.0,25.0,True,25.664920806884766,24.197351455688477,24.721187591552734,25.09173011779785,25.38511848449707,25.664920806884766,25.9648494720459,26.350393295288086,26.880727767944336,27.674129486083984
development,2025-06-01T06:00:00+00:00,2025-06-02 02:00:00+00:00,20,26,26.0,29.0,26.0,25.8,True,26.320987701416016,24.76349449157715,25.2994327545166,25.679386138916016,26.00711441040039,26.320987701416016,26.6636962890625,27.100997924804688,27.676332473754883,28.523649215698242
development,2025-06-01T06:00:00+00:00,2025-06-02 03:00:00+00:00,21,27,25.0,29.0,26.0,27.3,True,27.154287338256836,25.34163475036621,25.963886260986328,26.407163619995117,26.79153823852539,27.154287338256836,27.55816078186035,28.077457427978516,28.711122512817383,29.6621036529541
development,2025-06-01T06:00:00+00:00,2025-06-02 04:00:00+00:00,22,28,26.0,29.0,27.0,28.1,True,27.884246826171875,25.627988815307617,26.375490188598633,26.933786392211914,27.41917610168457,27.884246826171875,28.395919799804688,29.02336883544922,29.775928497314453,30.851806640625
development,2025-06-01T06:00:00+00:00,2025-06-02 05:00:00+00:00,23,29,26.0,29.0,28.0,29.1,True,28.50306510925293,25.950593948364258,26.801050186157227,27.421749114990234,27.967485427856445,28.50306510925293,29.07101058959961,29.755107879638672,30.577484130859375,31.728296279907227
development,2025-06-01T06:00:00+00:00,2025-06-02 06:00:00+00:00,24,30,27.0,29.0,29.0,30.0,True,28.977664947509766,26.18959617614746,27.106136322021484,27.766324996948242,28.37392234802246,28.977664947509766,29.628963470458984,30.36890411376953,31.23578453063965,32.463165283203125
development,2025-06-01T06:00:00+00:00,2025-06-02 07:00:00+00:00,25,31,29.0,29.0,27.0,30.5,True,29.433059692382812,26.534835815429688,27.468517303466797,28.151290893554688,28.793010711669922,29.433059692382812,30.104042053222656,30.8663330078125,31.73712730407715,33.00439453125
development,2025-06-01T06:00:00+00:00,2025-06-02 08:00:00+00:00,26,32,29.0,29.0,28.0,31.0,True,29.809497833251953,26.829843521118164,27.78468132019043,28.496936798095703,29.15585708618164,29.809497833251953,30.493022918701172,31.251861572265625,32.12572479248047,33.43362045288086
development,2025-06-01T06:00:00+00:00,2025-06-02 09:00:00+00:00,27,33,30.0,29.0,28.0,31.4,True,29.912443161010742,26.870908737182617,27.842416763305664,28.55925941467285,29.236568450927734,29.912443161010742,30.60622215270996,31.37496566772461,32.246646881103516,33.51324462890625
development,2025-06-01T06:00:00+00:00,2025-06-02 10:00:00+00:00,28,34,30.0,29.0,27.0,31.2,True,29.66643714904785,26.800647735595703,27.734350204467773,28.416475296020508,29.038074493408203,29.66643714904785,30.324785232543945,31.046451568603516,31.882070541381836,33.10879898071289
development,2025-06-01T06:00:00+00:00,2025-06-02 11:00:00+00:00,29,35,30.0,29.0,26.0,31.0,True,29.186328887939453,26.4622859954834,27.34403419494629,27.988170623779297,28.58070945739746,29.186328887939453,29.811635971069336,30.49668312072754,31.30145835876465,32.49188232421875
development,2025-06-01T06:00:00+00:00,2025-06-02 12:00:00+00:00,30,36,29.0,29.0,26.0,30.0,True,28.547927856445312,26.254846572875977,27.022409439086914,27.570358276367188,28.05782699584961,28.547927856445312,29.0745792388916,29.629989624023438,30.301589965820312,31.35007095336914
development,2025-06-01T06:00:00+00:00,2025-06-02 13:00:00+00:00,31,37,29.0,29.0,26.0,28.4,True,27.912967681884766,25.764881134033203,26.494474411010742,27.00730323791504,27.45791244506836,27.912967681884766,28.407133102416992,28.916128158569336,29.544952392578125,30.546560287475586
development,2025-06-01T06:00:00+00:00,2025-06-02 14:00:00+00:00,32,38,28.0,29.0,26.0,26.8,True,27.43401336669922,25.405494689941406,26.1074161529541,26.592960357666016,27.007373809814453,27.43401336669922,27.88692283630371,28.354652404785156,28.93206787109375,29.866985321044922
development,2025-06-01T06:00:00+00:00,2025-06-02 15:00:00+00:00,33,39,27.0,29.0,26.0,25.7,True,27.06816864013672,25.164642333984375,25.82578468322754,26.28398323059082,26.67158317565918,27.06816864013672,27.48816680908203,27.92482566833496,28.464454650878906,29.36404037475586
development,2025-06-01T06:00:00+00:00,2025-06-02 16:00:00+00:00,34,40,27.0,29.0,26.0,25.4,True,26.747398376464844,25.006650924682617,25.626140594482422,26.054899215698242,26.39459800720215,26.747398376464844,27.124420166015625,27.513200759887695,28.016448974609375,28.856792449951172
development,2025-06-01T06:00:00+00:00,2025-06-02 17:00:00+00:00,35,41,27.0,29.0,26.0,25.2,True,26.417449951171875,24.73175811767578,25.32876205444336,25.749319076538086,26.072006225585938,26.417449951171875,26.77007293701172,27.164112091064453,27.653249740600586,28.484636306762695
development,2025-06-01T06:00:00+00:00,2025-06-02 18:00:00+00:00,36,42,26.0,29.0,26.0,24.4,True,26.102474212646484,24.45748519897461,25.04786491394043,25.458276748657227,25.776403427124023,26.102474212646484,26.457618713378906,26.842811584472656,27.31620979309082,28.140409469604492
development,2025-06-01T06:00:00+00:00,2025-06-02 19:00:00+00:00,37,43,26.0,29.0,26.0,23.5,True,25.947359085083008,24.385427474975586,24.940519332885742,25.332460403442383,25.63617706298828,25.947359085083008,26.28145980834961,26.660146713256836,27.106733322143555,27.898571014404297
development,2025-06-01T06:00:00+00:00,2025-06-02 20:00:00+00:00,38,44,26.0,29.0,26.0,23.5,True,25.65648651123047,24.127410888671875,24.665096282958984,25.05577850341797,25.353307723999023,25.65648651123047,25.982328414916992,26.349550247192383,26.79770851135254,27.58823585510254
development,2025-06-01T06:00:00+00:00,2025-06-02 21:00:00+00:00,39,45,,29.0,26.0,23.6,False,25.481033325195312,23.94610023498535,24.477182388305664,24.87017822265625,25.178829193115234,25.481033325195312,25.800954818725586,26.158905029296875,26.616804122924805,27.4249267578125
development,2025-06-01T06:00:00+00:00,2025-06-02 22:00:00+00:00,40,46,25.0,29.0,26.0,23.7,True,25.347694396972656,23.7597599029541,24.310178756713867,24.716236114501953,25.032190322875977,25.347694396972656,25.676923751831055,26.049341201782227,26.523733139038086,27.3647403717041
development,2025-06-01T06:00:00+00:00,2025-06-02 23:00:00+00:00,41,47,24.0,29.0,25.0,23.5,True,25.2344913482666,23.639005661010742,24.203372955322266,24.602277755737305,24.918909072875977,25.2344913482666,25.59641456604004,25.994365692138672,26.509323120117188,27.38039779663086
development,2025-06-01T06:00:00+00:00,2025-06-03 00:00:00+00:00,42,48,24.0,29.0,25.0,23.9,True,25.27528190612793,23.685365676879883,24.24062728881836,24.628252029418945,24.952499389648438,25.27528190612793,25.6720027923584,26.117694854736328,26.67013931274414,27.598962783813477
development,2025-06-01T06:00:00+00:00,2025-06-03 01:00:00+00:00,43,49,25.0,29.0,25.0,24.6,True,25.587862014770508,23.90959358215332,24.499351501464844,24.910480499267578,25.235252380371094,25.587862014770508,26.035709381103516,26.53610610961914,27.16289710998535,28.155370712280273
development,2025-06-01T06:00:00+00:00,2025-06-03 02:00:00+00:00,44,50,25.0,29.0,26.0,25.7,True,26.14583969116211,24.38601303100586,24.996129989624023,25.410024642944336,25.756101608276367,26.14583969116211,26.65572166442871,27.217321395874023,27.9156494140625,28.96225357055664
development,2025-06-01T06:00:00+00:00,2025-06-03 03:00:00+00:00,45,51,25.0,29.0,26.0,27.0,True,27.002012252807617,24.84544563293457,25.56884002685547,26.08966636657715,26.51415252685547,27.002012252807617,27.622507095336914,28.30046272277832,29.111085891723633,30.321550369262695
development,2025-06-01T06:00:00+00:00,2025-06-03 04:00:00+00:00,46,52,27.0,29.0,27.0,28.8,True,27.715158462524414,25.155548095703125,25.991008758544922,26.596830368041992,27.1141300201416,27.715158462524414,28.421850204467773,29.206737518310547,30.1097412109375,31.464834213256836
development,2025-06-01T06:00:00+00:00,2025-06-03 05:00:00+00:00,47,53,27.0,29.0,28.0,29.6,True,28.32169532775879,25.452194213867188,26.35224151611328,27.030303955078125,27.627662658691406,28.32169532775879,29.134065628051758,30.00838851928711,31.005813598632812,32.481773376464844
development,2025-06-01T06:00:00+00:00,2025-06-03 06:00:00+00:00,48,54,28.0,29.0,29.0,30.4,True,28.790748596191406,25.81884765625,26.733905792236328,27.40603256225586,28.04863929748535,28.790748596191406,29.616647720336914,30.497180938720703,31.507015228271484,33.00589370727539
development,2025-06-21T06:00:00+00:00,2025-06-21 07:00:00+00:00,1,7,32.0,31.0,31.0,31.0,True,31.55946922302246,30.603271484375,30.986629486083984,31.213356018066406,31.3929500579834,31.55946922302246,31.728164672851562,31.897480010986328,32.097312927246094,32.46990203857422
development,2025-06-21T06:00:00+00:00,2025-06-21 08:00:00+00:00,2,8,33.0,31.0,31.0,30.9,True,31.893146514892578,30.384544372558594,30.938867568969727,31.301834106445312,31.61740493774414,31.893146514892578,32.17002868652344,32.486053466796875,32.880455017089844,33.41230392456055
development,2025-06-21T06:00:00+00:00,2025-06-21 09:00:00+00:00,3,9,34.0,31.0,31.0,30.4,True,31.8948974609375,30.262420654296875,30.881935119628906,31.28452491760254,31.608013153076172,31.8948974609375,32.192501068115234,32.525794982910156,32.946372985839844,33.52600860595703
development,2025-06-21T06:00:00+00:00,2025-06-21 10:00:00+00:00,4,10,34.0,31.0,32.0,30.8,True,31.752429962158203,29.930706024169922,30.616384506225586,31.033283233642578,31.406723022460938,31.752429962158203,32.10481643676758,32.500240325927734,32.95149612426758,33.57040023803711
development,2025-06-21T06:00:00+00:00,2025-06-21 11:00:00+00:00,5,11,29.0,31.0,31.0,30.5,True,31.25185203552246,29.602758407592773,30.252986907958984,30.64898681640625,30.974239349365234,31.25185203552246,31.53241729736328,31.890247344970703,32.31682586669922,32.918243408203125
development,2025-06-21T06:00:00+00:00,2025-06-21 12:00:00+00:00,6,12,27.0,31.0,31.0,30.0,True,30.697349548339844,29.128677368164062,29.764123916625977,30.132061004638672,30.447904586791992,30.697349548339844,30.958765029907227,31.288990020751953,31.68311309814453,32.248958587646484
development,2025-06-21T06:00:00+00:00,2025-06-21 13:00:00+00:00,7,13,28.0,31.0,30.0,28.9,True,30.01930046081543,28.57585906982422,29.17435646057129,29.516958236694336,29.781654357910156,30.01930046081543,30.267314910888672,30.54595184326172,30.88974380493164,31.413082122802734
development,2025-06-21T06:00:00+00:00,2025-06-21 14:00:00+00:00,8,14,28.0,31.0,30.0,28.5,True,29.494216918945312,28.172693252563477,28.73021125793457,29.044479370117188,29.279369354248047,29.494216918945312,29.71625518798828,29.97734260559082,30.284385681152344,30.758697509765625
development,2025-06-21T06:00:00+00:00,2025-06-21 15:00:00+00:00,9,15,28.0,31.0,29.0,28.5,True,29.074411392211914,27.85576629638672,28.354963302612305,28.652729034423828,28.875442504882812,29.074411392211914,29.271656036376953,29.499834060668945,29.775293350219727,30.218402862548828
development,2025-06-21T06:00:00+00:00,2025-06-21 16:00:00+00:00,10,16,28.0,31.0,29.0,28.2,True,28.878192901611328,27.756338119506836,28.211057662963867,28.48955535888672,28.69463348388672,28.878192901611328,29.070560455322266,29.272966384887695,29.51956558227539,29.93417739868164
development,2025-06-21T06:00:00+00:00,2025-06-21 17:00:00+00:00,11,17,28.0,31.0,29.0,27.9,True,28.641014099121094,27.568492889404297,28.019804000854492,28.287952423095703,28.462238311767578,28.641014099121094,28.829540252685547,29.00113296508789,29.233654022216797,29.61560821533203
development,2025-06-21T06:00:00+00:00,2025-06-21 18:00:00+00:00,12,18,28.0,31.0,28.0,27.5,True,28.346426010131836,27.317968368530273,27.742656707763672,28.00092124938965,28.17906951904297,28.346426010131836,28.516759872436523,28.68861961364746,28.892770767211914,29.26042366027832
development,2025-06-21T06:00:00+00:00,2025-06-21 19:00:00+00:00,13,19,28.0,31.0,28.0,27.3,True,28.033187866210938,26.966312408447266,27.408321380615234,27.675201416015625,27.860342025756836,28.033187866210938,28.194547653198242,28.36347770690918,28.567167282104492,28.922636032104492
development,2025-06-21T06:00:00+00:00,2025-06-21 20:00:00+00:00,14,20,27.0,31.0,28.0,26.9,True,27.80801010131836,26.752199172973633,27.192214965820312,27.469951629638672,27.643577575683594,27.80801010131836,27.969839096069336,28.130674362182617,28.321903228759766,28.677099227905273
development,2025-06-21T06:00:00+00:00,2025-06-21 21:00:00+00:00,15,21,,31.0,28.0,26.5,False,27.773210525512695,26.66964340209961,27.12704086303711,27.418134689331055,27.600772857666016,27.773210525512695,27.937618255615234,28.09272575378418,28.300718307495117,28.650848388671875
development,2025-06-21T06:00:00+00:00,2025-06-21 22:00:00+00:00,16,22,26.0,31.0,28.0,26.1,True,27.648094177246094,26.50502586364746,27.001338958740234,27.293344497680664,27.48751449584961,27.648094177246094,27.815805435180664,27.981321334838867,28.182111740112305,28.54546356201172
development,2025-06-21T06:00:00+00:00,2025-06-21 23:00:00+00:00,17,23,27.0,31.0,27.0,25.9,True,27.410114288330078,26.18114471435547,26.730789184570312,27.030120849609375,27.236125946044922,27.410114288330078,27.587757110595703,27.77297592163086,28.000398635864258,28.388458251953125
development,2025-06-21T06:00:00+00:00,2025-06-22 00:00:00+00:00,18,24,27.0,31.0,28.0,26.2,True,27.544239044189453,26.183311462402344,26.78523826599121,27.122573852539062,27.345523834228516,27.544239044189453,27.74300193786621,27.961576461791992,28.2302188873291,28.651113510131836
development,2025-06-21T06:00:00+00:00,2025-06-22 01:00:00+00:00,19,25,28.0,31.0,28.0,26.5,True,27.85540771484375,26.352224349975586,27.027925491333008,27.39215087890625,27.635095596313477,27.85540771484375,28.082168579101562,28.329639434814453,28.642621994018555,29.119606018066406
development,2025-06-21T06:00:00+00:00,2025-06-22 02:00:00+00:00,20,26,30.0,31.0,29.0,27.5,True,28.640512466430664,26.93681526184082,27.67257308959961,28.08460235595703,28.378080368041992,28.640512466430664,28.899803161621094,29.184831619262695,29.528409957885742,30.042470932006836
development,2025-06-21T06:00:00+00:00,2025-06-22 03:00:00+00:00,21,27,30.0,31.0,30.0,28.1,True,29.489574432373047,27.42009925842285,28.280824661254883,28.791418075561523,29.163854598999023,29.489574432373047,29.814130783081055,30.170595169067383,30.565996170043945,31.177921295166016
development,2025-06-21T06:00:00+00:00,2025-06-22 04:00:00+00:00,22,28,31.0,31.0,30.0,28.9,True,30.10018539428711,27.776752471923828,28.722768783569336,29.301626205444336,29.731428146362305,30.10018539428711,30.47352409362793,30.8690242767334,31.31394386291504,31.97226905822754
development,2025-06-21T06:00:00+00:00,2025-06-22 05:00:00+00:00,23,29,32.0,31.0,31.0,29.8,True,30.524545669555664,28.004547119140625,29.010435104370117,29.641572952270508,30.10940170288086,30.524545669555664,30.929306030273438,31.346927642822266,31.821680068969727,32.50007629394531
development,2025-06-21T06:00:00+00:00,2025-06-22 06:00:00+00:00,24,30,32.0,31.0,31.0,30.6,True,30.935762405395508,28.16301727294922,29.250181198120117,29.934566497802734,30.463350296020508,30.935762405395508,31.39470672607422,31.862150192260742,32.371437072753906,33.10540008544922
development,2025-06-21T06:00:00+00:00,2025-06-22 07:00:00+00:00,25,31,32.0,31.0,31.0,31.1,True,31.45333480834961,28.330183029174805,29.517080307006836,30.284027099609375,30.890605926513672,31.45333480834961,31.994007110595703,32.540767669677734,33.106815338134766,33.94247817993164
development,2025-06-21T06:00:00+00:00,2025-06-22 08:00:00+00:00,26,32,33.0,31.0,31.0,31.5,True,31.79757308959961,28.569997787475586,29.772356033325195,30.5770263671875,31.215187072753906,31.79757308959961,32.35597610473633,32.904083251953125,33.47587585449219,34.35231399536133
development,2025-06-21T06:00:00+00:00,2025-06-22 09:00:00+00:00,27,33,33.0,31.0,31.0,30.0,True,31.899789810180664,28.583112716674805,29.79540252685547,30.612377166748047,31.282669067382812,31.899789810180664,32.50505828857422,33.09075927734375,33.68363952636719,34.563446044921875
development,2025-06-21T06:00:00+00:00,2025-06-22 10:00:00+00:00,28,34,31.0,31.0,32.0,30.1,True,31.793359756469727,28.578893661499023,29.768247604370117,30.56171226501465,31.201990127563477,31.793359756469727,32.380165100097656,32.93671417236328,33.51933288574219,34.39603805541992
development,2025-06-21T06:00:00+00:00,2025-06-22 11:00:00+00:00,29,35,32.0,31.0,31.0,29.9,True,31.332103729248047,28.288837432861328,29.398347854614258,30.144920349121094,30.758684158325195,31.332103729248047,31.900171279907227,32.44607925415039,33.01811981201172,33.88019561767578
development,2025-06-21T06:00:00+00:00,2025-06-22 12:00:00+00:00,30,36,32.0,31.0,31.0,29.4,True,30.775671005249023,27.954559326171875,28.984790802001953,29.67376708984375,30.231067657470703,30.775671005249023,31.323867797851562,31.850961685180664,32.401302337646484,33.21685791015625
development,2025-06-21T06:00:00+00:00,2025-06-22 13:00:00+00:00,31,37,31.0,31.0,30.0,28.5,True,30.12495231628418,27.7811336517334,28.667509078979492,29.226306915283203,29.68222999572754,30.12495231628418,30.57303237915039,31.0015811920166,31.451589584350586,32.16055679321289
development,2025-06-21T06:00:00+00:00,2025-06-22 14:00:00+00:00,32,38,31.0,31.0,30.0,28.5,True,29.59821891784668,27.497407913208008,28.290401458740234,28.798059463500977,29.196365356445312,29.59821891784668,29.999713897705078,30.369915008544922,30.780017852783203,31.41912841796875
development,2025-06-21T06:00:00+00:00,2025-06-22 15:00:00+00:00,33,39,30.0,31.0,29.0,27.9,True,29.006364822387695,27.148460388183594,27.85675811767578,28.304609298706055,28.665231704711914,29.006364822387695,29.352298736572266,29.680925369262695,30.05168342590332,30.636777877807617
development,2025-06-21T06:00:00+00:00,2025-06-22 16:00:00+00:00,34,40,30.0,31.0,29.0,27.6,True,28.61823081970215,26.924800872802734,27.58319664001465,27.997234344482422,28.316356658935547,28.61823081970215,28.929290771484375,29.22054100036621,29.564714431762695,30.116680145263672
development,2025-06-21T06:00:00+00:00,2025-06-22 17:00:00+00:00,35,41,30.0,31.0,29.0,26.9,True,28.412273406982422,26.822681427001953,27.440044403076172,27.833036422729492,28.130088806152344,28.412273406982422,28.68438148498535,28.965763092041016,29.28998565673828,29.81014060974121
development,2025-06-21T06:00:00+00:00,2025-06-22 18:00:00+00:00,36,42,29.0,31.0,28.0,26.3,True,28.1612606048584,26.630395889282227,27.226444244384766,27.60118293762207,27.89543342590332,28.1612606048584,28.430889129638672,28.694135665893555,29.012027740478516,29.530954360961914
development,2025-06-21T06:00:00+00:00,2025-06-22 19:00:00+00:00,37,43,29.0,31.0,28.0,26.0,True,27.938373565673828,26.448814392089844,27.03853416442871,27.397499084472656,27.68392562866211,27.938373565673828,28.181875228881836,28.438465118408203,28.72719383239746,29.215267181396484
development,2025-06-21T06:00:00+00:00,2025-06-22 20:00:00+00:00,38,44,29.0,31.0,28.0,25.7,True,27.703807830810547,26.17855453491211,26.795963287353516,27.166465759277344,27.44642448425293,27.703807830810547,27.946369171142578,28.196733474731445,28.491270065307617,28.996496200561523
development,2025-06-21T06:00:00+00:00,2025-06-22 21:00:00+00:00,39,45,29.0,31.0,28.0,25.6,True,27.667612075805664,26.147079467773438,26.751176834106445,27.143503189086914,27.422956466674805,27.667612075805664,27.893470764160156,28.137331008911133,28.447586059570312,28.95435905456543
development,2025-06-21T06:00:00+00:00,2025-06-22 22:00:00+00:00,40,46,29.0,31.0,28.0,25.2,True,27.482454299926758,25.895296096801758,26.54047393798828,26.943857192993164,27.23004722595215,27.482454299926758,27.71196746826172,27.96236228942871,28.295639038085938,28.834203720092773
development,2025-06-21T06:00:00+00:00,2025-06-22 23:00:00+00:00,41,47,28.0,31.0,27.0,25.2,True,27.345144271850586,25.702280044555664,26.39403533935547,26.804628372192383,27.101350784301758,27.345144271850586,27.587886810302734,27.856826782226562,28.224166870117188,28.800281524658203
development,2025-06-21T06:00:00+00:00,2025-06-23 00:00:00+00:00,42,48,28.0,31.0,28.0,25.1,True,27.467025756835938,25.760498046875,26.47810173034668,26.896461486816406,27.208858489990234,27.467025756835938,27.72986602783203,28.036741256713867,28.426498413085938,29.0557918548584
development,2025-06-21T06:00:00+00:00,2025-06-23 01:00:00+00:00,43,49,27.0,31.0,28.0,25.0,True,27.876789093017578,26.02987289428711,26.784286499023438,27.253589630126953,27.58561134338379,27.876789093017578,28.17779541015625,28.510112762451172,28.939327239990234,29.62813949584961
development,2025-06-21T06:00:00+00:00,2025-06-23 02:00:00+00:00,44,50,30.0,31.0,29.0,25.4,True,28.593700408935547,26.61880111694336,27.407882690429688,27.908618927001953,28.277158737182617,28.593700408935547,28.93781089782715,29.304916381835938,29.786985397338867,30.506195068359375
development,2025-06-21T06:00:00+00:00,2025-06-23 03:00:00+00:00,45,51,30.0,31.0,30.0,25.8,True,29.486421585083008,27.175209045410156,28.064329147338867,28.65528678894043,29.098012924194336,29.486421585083008,29.904773712158203,30.34854507446289,30.88620376586914,31.70305633544922
development,2025-06-21T06:00:00+00:00,2025-06-23 04:00:00+00:00,46,52,31.0,31.0,30.0,26.3,True,30.114267349243164,27.621063232421875,28.568336486816406,29.187631607055664,29.666580200195312,30.114267349243164,30.549787521362305,31.022377014160156,31.59122657775879,32.4294319152832
development,2025-06-21T06:00:00+00:00,2025-06-23 05:00:00+00:00,47,53,,31.0,31.0,28.2,False,30.671615600585938,27.896743774414062,28.901750564575195,29.596630096435547,30.159610748291016,30.671615600585938,31.18221664428711,31.722089767456055,32.34299087524414,33.25313186645508
development,2025-06-21T06:00:00+00:00,2025-06-23 06:00:00+00:00,48,54,33.0,31.0,31.0,29.1,True,31.176912307739258,28.156147003173828,29.221054077148438,29.968040466308594,30.600704193115234,31.176912307739258,31.73092269897461,32.31024932861328,32.974910736083984,33.938514709472656
development,2025-06-25T06:00:00+00:00,2025-06-25 07:00:00+00:00,1,7,31.0,30.0,29.0,31.9,True,30.59925079345703,29.59058380126953,29.986297607421875,30.220760345458984,30.412799835205078,30.59925079345703,30.787553787231445,30.976421356201172,31.20831871032715,31.63727569580078
development,2025-06-25T06:00:00+00:00,2025-06-25 08:00:00+00:00,2,8,31.0,30.0,30.0,32.6,True,31.00518035888672,29.50226402282715,30.064544677734375,30.431148529052734,30.741090774536133,31.00518035888672,31.27500343322754,31.608488082885742,32.05352020263672,32.64962387084961
development,2025-06-25T06:00:00+00:00,2025-06-25 09:00:00+00:00,3,9,32.0,30.0,30.0,32.0,True,31.210498809814453,29.337678909301758,30.012344360351562,30.469884872436523,30.868101119995117,31.210498809814453,31.558984756469727,31.97278594970703,32.49387741088867,33.19369888305664
development,2025-06-25T06:00:00+00:00,2025-06-25 10:00:00+00:00,4,10,32.0,30.0,31.0,32.3,True,31.096750259399414,28.95824432373047,29.72868537902832,30.230636596679688,30.68761444091797,31.096750259399414,31.514041900634766,31.997901916503906,32.55104064941406,33.286251068115234
development,2025-06-25T06:00:00+00:00,2025-06-25 11:00:00+00:00,5,11,32.0,30.0,31.0,32.2,True,30.682348251342773,28.525365829467773,29.3096981048584,29.82754898071289,30.27598762512207,30.682348251342773,31.09517478942871,31.58078956604004,32.13673400878906,32.88637161254883
development,2025-06-25T06:00:00+00:00,2025-06-25 12:00:00+00:00,6,12,30.0,30.0,30.0,30.9,True,29.941442489624023,27.984333038330078,28.732683181762695,29.203418731689453,29.611217498779297,29.941442489624023,30.27977752685547,30.70107078552246,31.200294494628906,31.889175415039062
development,2025-06-25T06:00:00+00:00,2025-06-25 13:00:00+00:00,7,13,30.0,30.0,30.0,29.6,True,29.332685470581055,27.600629806518555,28.287351608276367,28.708330154418945,29.036226272583008,29.332685470581055,29.625938415527344,29.966686248779297,30.383363723754883,30.993919372558594
development,2025-06-25T06:00:00+00:00,2025-06-25 14:00:00+00:00,8,14,29.0,30.0,29.0,29.0,True,28.764421463012695,27.203163146972656,27.821022033691406,28.19550132751465,28.49265480041504,28.764421463012695,29.03741455078125,29.343488693237305,29.71856689453125,30.261699676513672
development,2025-06-25T06:00:00+00:00,2025-06-25 15:00:00+00:00,9,15,29.0,30.0,29.0,28.4,True,28.385656356811523,26.965394973754883,27.51177215576172,27.852069854736328,28.130308151245117,28.385656356811523,28.63623046875,28.906951904296875,29.230396270751953,29.727510452270508
development,2025-06-25T06:00:00+00:00,2025-06-25 16:00:00+00:00,10,16,29.0,30.0,29.0,28.0,True,28.114023208618164,26.80940055847168,27.304927825927734,27.62766456604004,27.87761688232422,28.114023208618164,28.350954055786133,28.58251190185547,28.866512298583984,29.34010124206543
development,2025-06-25T06:00:00+00:00,2025-06-25 17:00:00+00:00,11,17,29.0,30.0,28.0,27.5,True,27.87047576904297,26.630470275878906,27.125375747680664,27.424217224121094,27.655420303344727,27.87047576904297,28.097984313964844,28.30524444580078,28.564050674438477,28.997922897338867
development,2025-06-25T06:00:00+00:00,2025-06-25 18:00:00+00:00,12,18,28.0,30.0,27.0,26.9,True,27.52566146850586,26.33345603942871,26.80278778076172,27.09020233154297,27.312835693359375,27.52566146850586,27.726947784423828,27.929367065429688,28.160545349121094,28.55951499938965
development,2025-06-25T06:00:00+00:00,2025-06-25 19:00:00+00:00,13,19,28.0,30.0,27.0,26.7,True,27.2165584564209,26.033781051635742,26.510168075561523,26.796844482421875,27.014610290527344,27.2165584564209,27.413084030151367,27.597265243530273,27.821258544921875,28.218948364257812
development,2025-06-25T06:00:00+00:00,2025-06-25 20:00:00+00:00,14,20,28.0,30.0,27.0,26.1,True,27.05778694152832,25.876998901367188,26.35502052307129,26.63938331604004,26.857263565063477,27.05778694152832,27.248868942260742,27.437253952026367,27.647968292236328,28.06324577331543
development,2025-06-25T06:00:00+00:00,2025-06-25 21:00:00+00:00,15,21,28.0,30.0,26.0,26.3,True,26.893373489379883,25.679141998291016,26.17384147644043,26.4815616607666,26.694128036499023,26.893373489379883,27.089353561401367,27.271738052368164,27.512670516967773,27.932798385620117
development,2025-06-25T06:00:00+00:00,2025-06-25 22:00:00+00:00,16,22,28.0,30.0,26.0,26.3,True,26.84270477294922,25.588924407958984,26.09807586669922,26.41743278503418,26.655582427978516,26.84270477294922,27.04509735107422,27.234386444091797,27.49488639831543,27.950740814208984
development,2025-06-25T06:00:00+00:00,2025-06-25 23:00:00+00:00,17,23,28.0,30.0,26.0,26.0,True,26.700315475463867,25.399192810058594,25.93811798095703,26.254167556762695,26.498123168945312,26.700315475463867,26.902238845825195,27.123064041137695,27.407318115234375,27.887920379638672
development,2025-06-25T06:00:00+00:00,2025-06-26 00:00:00+00:00,18,24,28.0,30.0,26.0,26.5,True,26.81292724609375,25.4818058013916,26.014612197875977,26.34745979309082,26.59825897216797,26.81292724609375,27.02157211303711,27.261465072631836,27.583683013916016,28.082500457763672
development,2025-06-25T06:00:00+00:00,2025-06-26 01:00:00+00:00,19,25,29.0,30.0,26.0,26.8,True,27.13749122619629,25.627925872802734,26.229814529418945,26.60462760925293,26.882976531982422,27.13749122619629,27.38849449157715,27.690584182739258,28.077974319458008,28.668476104736328
development,2025-06-25T06:00:00+00:00,2025-06-26 02:00:00+00:00,20,26,29.0,30.0,27.0,27.8,True,27.983896255493164,26.267723083496094,26.927881240844727,27.33374786376953,27.674842834472656,27.983896255493164,28.28257179260254,28.638866424560547,29.070396423339844,29.71023178100586
development,2025-06-25T06:00:00+00:00,2025-06-26 03:00:00+00:00,21,27,30.0,30.0,27.0,29.1,True,28.831817626953125,26.833864212036133,27.58635139465332,28.063982009887695,28.464984893798828,28.831817626953125,29.196191787719727,29.615890502929688,30.0869197845459,30.813825607299805
development,2025-06-25T06:00:00+00:00,2025-06-26 04:00:00+00:00,22,28,31.0,30.0,28.0,30.4,True,29.64586639404297,27.251869201660156,28.12495231628418,28.701780319213867,29.197708129882812,29.64586639404297,30.08985710144043,30.582168579101562,31.13721466064453,31.95004653930664
development,2025-06-25T06:00:00+00:00,2025-06-26 05:00:00+00:00,23,29,32.0,30.0,29.0,31.4,True,30.155460357666016,27.639142990112305,28.540136337280273,29.154476165771484,29.67705726623535,30.155460357666016,30.614280700683594,31.118309020996094,31.68756675720215,32.511749267578125
development,2025-06-25T06:00:00+00:00,2025-06-26 06:00:00+00:00,24,30,33.0,30.0,30.0,32.2,True,30.750320434570312,28.009960174560547,28.992408752441406,29.645606994628906,30.227567672729492,30.750320434570312,31.258378982543945,31.80568504333496,32.38785934448242,33.2742919921875
development,2025-06-25T06:00:00+00:00,2025-06-26 07:00:00+00:00,25,31,33.0,30.0,29.0,32.8,True,31.276060104370117,28.364295959472656,29.390830993652344,30.094463348388672,30.71296501159668,31.276060104370117,31.81548309326172,32.394081115722656,33.00970458984375,33.94083023071289
development,2025-06-25T06:00:00+00:00,2025-06-26 08:00:00+00:00,26,32,32.0,30.0,30.0,33.6,True,31.61072540283203,28.670568466186523,29.69647216796875,30.410959243774414,31.05252456665039,31.61072540283203,32.14396286010742,32.71571350097656,33.328346252441406,34.29561233520508
development,2025-06-25T06:00:00+00:00,2025-06-26 09:00:00+00:00,27,33,,30.0,30.0,32.2,False,31.776838302612305,28.733850479125977,29.80316925048828,30.541011810302734,31.199451446533203,31.776838302612305,32.336456298828125,32.94084167480469,33.58308410644531,34.55109786987305
development,2025-06-25T06:00:00+00:00,2025-06-26 10:00:00+00:00,28,34,27.0,30.0,31.0,31.0,True,31.63271713256836,28.71816635131836,29.754371643066406,30.472145080566406,31.093032836914062,31.63271713256836,32.164390563964844,32.747169494628906,33.38919448852539,34.335147857666016
development,2025-06-25T06:00:00+00:00,2025-06-26 11:00:00+00:00,29,35,29.0,30.0,31.0,31.3,True,31.24700164794922,28.417102813720703,29.42411231994629,30.12514877319336,30.7219181060791,31.24700164794922,31.75966453552246,32.33627700805664,32.98062515258789,33.91681671142578
development,2025-06-25T06:00:00+00:00,2025-06-26 12:00:00+00:00,30,36,28.0,30.0,30.0,30.6,True,30.739303588867188,28.191761016845703,29.110097885131836,29.744028091430664,30.27297019958496,30.739303588867188,31.19523811340332,31.706186294555664,32.287986755371094,33.140647888183594
development,2025-06-25T06:00:00+00:00,2025-06-26 13:00:00+00:00,31,37,28.0,30.0,30.0,29.4,True,30.009666442871094,27.743785858154297,28.574460983276367,29.13654327392578,29.60390281677246,30.009666442871094,30.41189956665039,30.859819412231445,31.37609100341797,32.146480560302734
development,2025-06-25T06:00:00+00:00,2025-06-26 14:00:00+00:00,32,38,28.0,30.0,29.0,28.7,True,29.37681007385254,27.272258758544922,28.049428939819336,28.569377899169922,28.998249053955078,29.37681007385254,29.747446060180664,30.136241912841797,30.612102508544922,31.30768585205078
development,2025-06-25T06:00:00+00:00,2025-06-26 15:00:00+00:00,33,39,28.0,30.0,29.0,28.4,True,28.95330238342285,27.00684928894043,27.744497299194336,28.225868225097656,28.611392974853516,28.95330238342285,29.284103393554688,29.642406463623047,30.075576782226562,30.711870193481445
development,2025-06-25T06:00:00+00:00,2025-06-26 16:00:00+00:00,34,40,28.0,30.0,29.0,28.2,True,28.591934204101562,26.765419006347656,27.469511032104492,27.92182159423828,28.283641815185547,28.591934204101562,28.899185180664062,29.223438262939453,29.617042541503906,30.20612144470215
development,2025-06-25T06:00:00+00:00,2025-06-26 17:00:00+00:00,35,41,27.0,30.0,28.0,28.3,True,28.28505516052246,26.576614379882812,27.22540855407715,27.649961471557617,27.981494903564453,28.28505516052246,28.56440544128418,28.879056930541992,29.232206344604492,29.781665802001953
development,2025-06-25T06:00:00+00:00,2025-06-26 18:00:00+00:00,36,42,27.0,30.0,27.0,27.7,True,27.915956497192383,26.238723754882812,26.881982803344727,27.29030418395996,27.619739532470703,27.915956497192383,28.201814651489258,28.50263023376465,28.844263076782227,29.396743774414062
development,2025-06-25T06:00:00+00:00,2025-06-26 19:00:00+00:00,37,43,27.0,30.0,27.0,26.7,True,27.668315887451172,26.09063148498535,26.685245513916016,27.06728744506836,27.39166831970215,27.668315887451172,27.936750411987305,28.223026275634766,28.534198760986328,29.05326271057129
development,2025-06-25T06:00:00+00:00,2025-06-26 20:00:00+00:00,38,44,27.0,30.0,27.0,27.0,True,27.441017150878906,25.83922576904297,26.450441360473633,26.843955993652344,27.160005569458008,27.441017150878906,27.706947326660156,28.002235412597656,28.319515228271484,28.86231803894043
development,2025-06-25T06:00:00+00:00,2025-06-26 21:00:00+00:00,39,45,27.0,30.0,26.0,26.8,True,27.39242172241211,25.806367874145508,26.40105628967285,26.800430297851562,27.119945526123047,27.39242172241211,27.645235061645508,27.927650451660156,28.270252227783203,28.843101501464844
development,2025-06-25T06:00:00+00:00,2025-06-26 22:00:00+00:00,40,46,27.0,30.0,26.0,26.9,True,27.259342193603516,25.6052303314209,26.237653732299805,26.649917602539062,26.984617233276367,27.259342193603516,27.51709747314453,27.809078216552734,28.189170837402344,28.819217681884766
development,2025-06-25T06:00:00+00:00,2025-06-26 23:00:00+00:00,41,47,26.0,30.0,26.0,26.6,True,27.092205047607422,25.472606658935547,26.11053466796875,26.525787353515625,26.836811065673828,27.092205047607422,27.34579849243164,27.648454666137695,28.061113357543945,28.722009658813477
development,2025-06-25T06:00:00+00:00,2025-06-27 00:00:00+00:00,42,48,27.0,30.0,26.0,27.0,True,27.22834587097168,25.4396915435791,26.143360137939453,26.58641242980957,26.948253631591797,27.22834587097168,27.534929275512695,27.90235137939453,28.381431579589844,29.130250930786133
development,2025-06-25T06:00:00+00:00,2025-06-27 01:00:00+00:00,43,49,29.0,30.0,26.0,26.8,True,27.71748924255371,25.736797332763672,26.49789810180664,26.99773597717285,27.379905700683594,27.71748924255371,28.071046829223633,28.477113723754883,29.03049659729004,29.858325958251953
development,2025-06-25T06:00:00+00:00,2025-06-27 02:00:00+00:00,44,50,30.0,30.0,27.0,26.0,True,28.62799835205078,26.435529708862305,27.260944366455078,27.80282211303711,28.24629020690918,28.62799835205078,29.045047760009766,29.507596969604492,30.124475479125977,31.03837776184082
development,2025-06-25T06:00:00+00:00,2025-06-27 03:00:00+00:00,45,51,30.0,30.0,27.0,27.7,True,29.715993881225586,27.096904754638672,28.053911209106445,28.713701248168945,29.242258071899414,29.715993881225586,30.220073699951172,30.77083969116211,31.45948028564453,32.457862854003906
development,2025-06-25T06:00:00+00:00,2025-06-27 04:00:00+00:00,46,52,31.0,30.0,28.0,29.1,True,30.63689422607422,27.70066261291504,28.735593795776367,29.458078384399414,30.072221755981445,30.63689422607422,31.1978759765625,31.811786651611328,32.55029296875,33.60414123535156
development,2025-06-25T06:00:00+00:00,2025-06-27 05:00:00+00:00,47,53,32.0,30.0,29.0,30.8,True,31.203737258911133,28.16538429260254,29.21318244934082,29.96987533569336,30.617170333862305,31.203737258911133,31.801536560058594,32.444156646728516,33.17802429199219,34.217071533203125
development,2025-06-25T06:00:00+00:00,2025-06-27 06:00:00+00:00,48,54,33.0,30.0,30.0,31.8,True,31.81944465637207,28.71295928955078,29.76728057861328,30.53143310546875,31.20136833190918,31.81944465637207,32.42557907104492,33.05613327026367,33.769161224365234,34.778656005859375
