lead_hours,method,n,mae_c,rmse_c,bias_c
1,persistence_c,27,0.7407407407407407,0.90267093384844,-0.6666666666666666
1,yesterday_c,27,1.7407407407407407,2.617604219864388,-0.18518518518518517
1,ecmwf_ifs_c,27,1.1888888888888887,1.461734129952046,0.0777777777777777
1,bias_corrected_c,27,1.4150931185042301,1.7460655832515075,0.6676936616662154
1,ridge_corrected_c,27,1.1777534650767525,1.4228137776875447,0.8614412651209264
1,timesfm_c,27,0.4973078833685981,0.6021534302308853,-0.021225752653899015
1,timesfm_nwp_c,27,0.48224767049153644,0.6224333729653784,0.03555453265154803
2,persistence_c,27,1.1481481481481481,1.3743685418725535,-1.0740740740740742
2,yesterday_c,27,1.7037037037037037,2.596293654566205,-0.07407407407407407
2,ecmwf_ifs_c,27,1.1222222222222225,1.3855069937137197,-0.1888888888888896
2,bias_corrected_c,27,1.219670251101084,1.5457289396557847,0.4010269949995482
2,ridge_corrected_c,27,1.1534256637594014,1.3964111642226453,0.7181641273785518
2,timesfm_c,27,0.6097915790699147,0.7558111717548773,-0.07519397029170284
2,timesfm_nwp_c,27,0.6704074011908637,0.8185110070155787,-0.045585844251844615
3,persistence_c,27,1.3703703703703705,1.6666666666666667,-1.0740740740740742
3,yesterday_c,27,1.8148148148148149,2.545875386086578,-0.037037037037037035
3,ecmwf_ifs_c,27,1.2185185185185186,1.7028298886352768,-0.6555555555555562
3,bias_corrected_c,27,1.3663017081949405,1.7360973474016002,-0.06563967166711827
3,ridge_corrected_c,27,1.1889105401420077,1.4321272116938801,0.42297580461005624
3,timesfm_c,27,0.8495567463062428,1.0018076292969922,-0.08088253162525318
3,timesfm_nwp_c,27,0.7961160165292246,0.9710517220885029,-0.04994893957067419
4,persistence_c,26,1.6538461538461537,2.0286410760370144,-0.5
4,yesterday_c,26,1.7692307692307692,2.57203899958469,-0.07692307692307693
4,ecmwf_ifs_c,26,1.7115384615384621,2.244394727383687,-0.44999999999999957
4,bias_corrected_c,26,1.8249147660207312,2.2320691390168275,0.15801985640625504
4,ridge_corrected_c,26,1.5159090511231754,2.0221452579438393,0.6470951589657392
4,timesfm_c,26,1.1322708863478441,1.508257277896344,-0.0002952722402719351
4,timesfm_nwp_c,26,1.1244228803194487,1.5801246662298374,0.09823395655705379
5,persistence_c,25,1.64,1.98997487421324,-0.2
5,yesterday_c,25,1.52,2.4166091947189146,-0.48
5,ecmwf_ifs_c,25,1.624,2.045873896407108,-0.7599999999999999
5,bias_corrected_c,25,1.5623028049527394,1.9709455706955639,-0.14923820696750353
5,ridge_corrected_c,25,1.2489888685305992,1.8318921095766627,0.39350199562220395
5,timesfm_c,25,1.1788162231445312,1.4771939711555004,-0.37336532592773436
5,timesfm_nwp_c,25,1.2439259338378905,1.5403666750663347,-0.35465713500976564
6,persistence_c,24,2.0833333333333335,2.3979157616563596,1.0
6,yesterday_c,24,2.25,3.719318934070233,-1.25
6,ecmwf_ifs_c,24,1.9833333333333334,2.5391927851189244,-0.9999999999999997
6,bias_corrected_c,24,1.8291818875982806,2.4074263032728083,-0.36875699052553257
6,ridge_corrected_c,24,1.7778477391883898,2.2909587182262743,0.1996502679372784
6,timesfm_c,24,1.2737453778584797,1.6603826792625291,-0.5595803260803223
6,timesfm_nwp_c,24,1.3698421319325764,1.7835875565834403,-0.4888498783111572
7,persistence_c,26,2.5,2.8216198293778807,2.0384615384615383
7,yesterday_c,26,1.7692307692307692,2.8010986855435576,-0.8461538461538461
7,ecmwf_ifs_c,26,2.034615384615384,2.631685625368127,-1.6576923076923078
7,bias_corrected_c,26,1.82161308098109,2.4445318723465084,-1.0658362529139398
7,ridge_corrected_c,26,1.6712833394764341,2.0815391646493984,-0.18089362198913642
7,timesfm_c,26,1.0912800568800707,1.5572255518064413,-0.5552555230947641
7,timesfm_nwp_c,26,1.210798556988056,1.7090834149266931,-0.6100565103384165
8,persistence_c,25,3.32,3.594440151122286,3.32
8,yesterday_c,25,1.16,1.8,-0.36
8,ecmwf_ifs_c,25,1.5879999999999999,1.9976986759769353,-1.1239999999999999
8,bias_corrected_c,25,1.33430280495274,1.8028663633934159,-0.513238206967505
8,ridge_corrected_c,25,1.3847823974000375,1.5950747795132196,0.46068051342729305
8,timesfm_c,25,0.7987631225585937,1.0576340400001956,-0.33229263305664064
8,timesfm_nwp_c,25,0.9295108795166016,1.1881739646804954,-0.3641994476318359
9,persistence_c,26,3.8846153846153846,4.109089361965177,3.8846153846153846
9,yesterday_c,26,1.2692307692307692,1.8081014266989475,-0.34615384615384615
9,ecmwf_ifs_c,26,1.4384615384615385,1.827987544142044,-1.2538461538461536
9,bias_corrected_c,26,1.0532893340624376,1.552578278617074,-0.6619900990677857
9,ridge_corrected_c,26,1.0046114174116858,1.2264275833508154,0.4195627988846985
9,timesfm_c,26,0.702025266794058,1.056214768497221,-0.45293360490065354
9,timesfm_nwp_c,26,0.7684606405404898,1.1014750018262391,-0.40145419194148135
10,persistence_c,26,4.230769230769231,4.44626031280567,4.230769230769231
10,yesterday_c,26,0.9230769230769231,1.5191090506254998,-0.46153846153846156
10,ecmwf_ifs_c,26,1.3846153846153846,1.6012014719722665,-1.2384615384615385
10,bias_corrected_c,26,1.0104107718803088,1.271896850934067,-0.6466054836831704
10,ridge_corrected_c,26,1.0043590899003583,1.180940422652257,0.4724693907582677
10,timesfm_c,26,0.6446898533747747,0.9400509444595128,-0.45240167471078724
10,timesfm_nwp_c,26,0.7119880089393029,1.036267552423285,-0.4789852729210487
11,persistence_c,25,4.88,5.176871642217914,4.88
11,yesterday_c,25,0.68,1.1135528725660044,0.12
11,ecmwf_ifs_c,25,1.18,1.4166156853571825,-0.884
11,bias_corrected_c,25,0.8421871743937721,1.14641176247468,-0.29004856066050577
11,ridge_corrected_c,25,1.2127809552306779,1.4275849066849162,0.9233613205528036
11,timesfm_c,25,0.7682733917236328,0.9949101364596264,-0.15931877136230468
11,timesfm_nwp_c,25,0.7192621612548828,0.9606863067016205,-0.09644783020019532
12,persistence_c,26,5.076923076923077,5.378017936291857,5.076923076923077
12,yesterday_c,26,0.9615384615384616,1.224744871391589,-0.34615384615384615
12,ecmwf_ifs_c,26,1.2576923076923074,1.5108581361902607,-1.126923076923077
12,bias_corrected_c,26,0.7821235887488047,1.1242853549162086,-0.5350670221447088
12,ridge_corrected_c,26,1.054091767965921,1.2181128594090156,0.6555772729372141
12,timesfm_c,26,0.921357668363131,1.1528133044707745,-0.33679624704214245
12,timesfm_nwp_c,26,0.8352386034451998,1.1130449738026182,-0.2794649417583759
13,persistence_c,26,5.269230769230769,5.522680508593631,5.269230769230769
13,yesterday_c,26,1.1923076923076923,1.4806443503784736,-0.4230769230769231
13,ecmwf_ifs_c,26,1.3769230769230765,1.5723573678740124,-1.2692307692307692
13,bias_corrected_c,26,0.933840500233982,1.1393441403079536,-0.6773747144524012
13,ridge_corrected_c,26,0.9271269094381632,1.1714866233752037,0.5695666729303317
13,timesfm_c,26,0.9239742572490985,1.202370079628265,-0.39586507357083833
13,timesfm_nwp_c,26,0.8996246044452374,1.1629827323700588,-0.3605802976168119
14,persistence_c,26,5.730769230769231,6.009607692302769,5.730769230769231
14,yesterday_c,26,0.9230769230769231,1.3008872711759818,-0.15384615384615385
14,ecmwf_ifs_c,26,1.4692307692307693,1.6485424797961101,-1.2230769230769232
14,bias_corrected_c,26,0.9847475225460991,1.1809935414617916,-0.6312208682985552
14,ridge_corrected_c,26,0.8716893358769174,1.2297328062430484,0.6434408485154847
14,timesfm_c,26,0.8802364055926983,1.105975490628879,-0.26831890986515927
14,timesfm_nwp_c,26,0.8473982444176307,1.0661408317349355,-0.2570408307589017
15,persistence_c,26,6.1923076923076925,6.465886815255298,6.1923076923076925
15,yesterday_c,26,0.9615384615384616,1.3445044840729643,-0.11538461538461539
15,ecmwf_ifs_c,26,1.4269230769230772,1.6027620390582482,-1.2500000000000002
15,bias_corrected_c,26,0.9453789617724436,1.1610975601556452,-0.6581439452216322
15,ridge_corrected_c,26,0.8962454220393491,1.1539176860410572,0.5913212085901878
15,timesfm_c,26,0.9335836997398963,1.1664355037764997,-0.12201888744647686
15,timesfm_nwp_c,26,0.9136249102078952,1.0991894897169425,-0.1662940245408278
16,persistence_c,25,6.4,6.6573267908372955,6.4
16,yesterday_c,25,1.04,1.3856406460551018,-0.16
16,ecmwf_ifs_c,25,1.352,1.5466091943344966,-1.2400000000000002
16,bias_corrected_c,25,0.8735833315663508,1.046042587368868,-0.6292382069675052
16,ridge_corrected_c,25,0.8150546503603011,1.0924346920069725,0.5514755216928926
16,timesfm_c,25,0.8925871276855468,1.1590355355181676,-0.18563400268554686
16,timesfm_nwp_c,25,0.7797676849365235,1.0263331362261312,-0.11221855163574218
17,persistence_c,25,6.52,6.849817515817484,6.52
17,yesterday_c,25,1.4,1.8220867158288598,-0.28
17,ecmwf_ifs_c,25,1.7759999999999996,1.9247857023575377,-1.56
17,bias_corrected_c,25,1.2673689195109348,1.4740192266248817,-0.9492382069675049
17,ridge_corrected_c,25,0.9820218863456044,1.243895025833023,0.18545469792922162
17,timesfm_c,25,1.1038505554199218,1.4774783139375887,-0.39411239624023436
17,timesfm_nwp_c,25,1.0247628784179688,1.353118978848396,-0.3550077819824219
18,persistence_c,27,6.814814814814815,7.081535719612529,6.814814814814815
18,yesterday_c,27,1.1481481481481481,1.5030832509409646,-0.48148148148148145
18,ecmwf_ifs_c,27,1.6962962962962962,1.851125783588643,-1.5777777777777775
18,bias_corrected_c,27,1.2172613567869632,1.3603917451697514,-0.9878618938893415
18,ridge_corrected_c,27,0.7247338732733598,0.9888843246126845,0.06608130277300808
18,timesfm_c,27,0.9674202247902199,1.2756799413814068,-0.42128174393265333
18,timesfm_nwp_c,27,0.8778074052598741,1.220905571673702,-0.42260989436396845
19,persistence_c,25,6.64,6.945502141674136,6.64
19,yesterday_c,25,0.84,1.1832159566199232,-0.28
19,ecmwf_ifs_c,25,1.5599999999999996,1.7753872816937717,-1.3519999999999999
19,bias_corrected_c,25,1.047253288951967,1.2478188878302066,-0.7244278532745042
19,ridge_corrected_c,25,0.766543832934315,1.0250900649951495,0.2490652675268548
19,timesfm_c,25,0.7532789611816406,0.9803517396238415,-0.13637481689453124
19,timesfm_nwp_c,25,0.7802573394775391,1.0182279365149876,-0.23419166564941407
20,persistence_c,27,5.444444444444445,5.846809829743497,5.444444444444445
20,yesterday_c,27,0.8888888888888888,1.247219128924647,-0.37037037037037035
20,ecmwf_ifs_c,27,1.188888888888889,1.4753530650887154,-0.9592592592592595
20,bias_corrected_c,27,0.831884957837353,1.1834746915466168,-0.3693433753708231
20,ridge_corrected_c,27,0.9360765183731444,1.104377120456268,0.4174142211976534
20,timesfm_c,27,0.966417807119864,1.2327308902546568,-0.45972781711154515
20,timesfm_nwp_c,27,0.9547465289080584,1.1887984039926753,-0.548858501293041
21,persistence_c,26,3.730769230769231,4.146360776911205,3.730769230769231
21,yesterday_c,26,0.9230769230769231,1.3301243435223524,-0.38461538461538464
21,ecmwf_ifs_c,26,0.8846153846153849,1.2496153254255733,-0.39999999999999997
21,bias_corrected_c,26,0.9984347229032439,1.2625940437217344,0.19185605477836823
21,ridge_corrected_c,26,1.1367073115999546,1.278711402895453,0.7862327589187103
21,timesfm_c,26,0.9535207014817458,1.263373129253989,-0.5594287285437951
21,timesfm_nwp_c,26,0.8972221521230844,1.1649591207573395,-0.610308206998385
22,persistence_c,26,2.3461538461538463,2.780426087988895,2.3461538461538463
22,yesterday_c,26,1.1538461538461537,1.5689290811054724,-0.3076923076923077
22,ecmwf_ifs_c,26,1.1230769230769235,1.409582589606965,0.26153846153846144
22,bias_corrected_c,26,1.5383741535513356,1.7244305577929782,0.8533945163168297
22,ridge_corrected_c,26,1.5300952484636983,1.7309850375243012,1.2514629008176454
22,timesfm_c,26,0.9980385853694036,1.2984872913541587,-0.3515778321486253
22,timesfm_nwp_c,26,0.7997280267568735,1.1330887624776798,-0.35350836240328276
23,persistence_c,26,1.4230769230769231,1.786703022974913,0.8076923076923077
23,yesterday_c,26,1.3076923076923077,1.7097008285302207,-0.38461538461538464
23,ecmwf_ifs_c,26,1.4653846153846148,1.8568998150349745,0.7192307692307689
23,bias_corrected_c,26,1.8868962613647822,2.2940322011763454,1.3110868240091382
23,ridge_corrected_c,26,1.8573959552856016,2.2495019034220483,1.5552047104193512
23,timesfm_c,26,1.1695456138023963,1.446128108698,-0.4305304747361403
23,timesfm_nwp_c,26,1.0814798795259917,1.3583137971360342,-0.2132092989408053
24,persistence_c,25,1.48,2.3579652245103193,0.12
24,yesterday_c,25,1.48,2.3579652245103193,0.12
24,ecmwf_ifs_c,25,1.8720000000000006,2.7852468472291645,1.1520000000000006
24,bias_corrected_c,25,2.3151406157563814,3.2270868129275727,1.762761793032497
24,ridge_corrected_c,25,2.2972805232114086,3.176324776566314,2.0234303198225416
24,timesfm_c,25,1.457031478881836,2.30207132440009,-0.1550139617919922
24,timesfm_nwp_c,25,1.151055908203125,2.0983759231055976,0.1967462158203125
25,persistence_c,24,2.0416666666666665,2.8210518133017928,-0.875
25,yesterday_c,24,2.5,3.547299442298794,-0.5
25,ecmwf_ifs_c,24,1.6583333333333332,2.5243811122728674,0.5749999999999994
25,bias_corrected_c,24,2.0284535573166402,2.883164201639172,1.2062430094744665
25,ridge_corrected_c,24,1.90826400390735,2.8547449239568454,1.4448679206205017
25,timesfm_c,24,1.8570670286814372,2.688498936478584,-0.4530610243479411
25,timesfm_nwp_c,24,1.4867701530456543,2.353986116272422,-0.23773876825968424
26,persistence_c,24,2.1666666666666665,2.943920288775949,-1.1666666666666667
26,yesterday_c,24,2.375,3.48209706929603,-0.375
26,ecmwf_ifs_c,24,1.3291666666666673,2.2131237350556487,0.04583333333333339
26,bias_corrected_c,24,1.622685840781208,2.445615384737994,0.6770763428078004
26,ridge_corrected_c,24,1.811363257624621,2.6077483956069134,1.1254232761155927
26,timesfm_c,24,1.898045301437378,2.7214006953310035,-0.49560268719991046
26,timesfm_nwp_c,24,1.5237359205881755,2.286946841128825,-0.34208130836486816
27,persistence_c,23,1.826086956521739,2.340568492816482,-0.8695652173913043
27,yesterday_c,23,1.9565217391304348,2.5791808608632856,0.043478260869565216
27,ecmwf_ifs_c,23,1.2999999999999994,1.750403680148742,-0.27391304347826045
27,bias_corrected_c,23,1.336905659149513,1.8616254557693346,0.3795921577809573
27,ridge_corrected_c,23,1.4785048249198012,2.0410412799067053,1.0298534693413726
27,timesfm_c,23,1.732760304990022,2.277458873751469,-0.3596830782682999
27,timesfm_nwp_c,23,1.5016424759574558,1.8712198077022186,-0.15879871534264606
28,persistence_c,25,2.0,2.513961017995307,-0.64
28,yesterday_c,25,2.56,3.3105890714493698,-0.08
28,ecmwf_ifs_c,25,1.4880000000000004,2.101999048524999,-0.0880000000000004
28,bias_corrected_c,25,1.6721676184729675,2.219865209441235,0.5227617930324959
28,ridge_corrected_c,25,1.9772873854509436,2.4552751912928206,1.1740836294606403
28,timesfm_c,25,1.9502606964111329,2.3560436743997246,-0.28850761413574216
28,timesfm_nwp_c,25,1.5524432373046875,1.9744982811544574,-0.08385772705078125
29,persistence_c,26,1.8846153846153846,2.409915415049314,-0.038461538461538464
29,yesterday_c,26,2.269230769230769,3.2165437733930884,-0.4230769230769231
29,ecmwf_ifs_c,26,1.5230769230769234,2.2374435961949626,-0.3538461538461538
29,bias_corrected_c,26,1.5609913899835983,2.226104249969502,0.2541737025601011
29,ridge_corrected_c,26,1.7494392859945025,2.378424955741494,0.9897133593578332
29,timesfm_c,26,1.856821060180664,2.3432043229142683,-0.5219493279090295
29,timesfm_nwp_c,26,1.4931139579186072,2.067786993128768,-0.28014953319843
30,persistence_c,27,2.5185185185185186,3.2885885748774983,1.2592592592592593
30,yesterday_c,27,2.259259259259259,3.958114029012639,-0.6296296296296297
30,ecmwf_ifs_c,27,2.0259259259259257,2.980243589348335,-0.3074074074074073
30,bias_corrected_c,27,1.8718458053003308,2.9213586327600365,0.2825084764810307
30,ridge_corrected_c,27,1.8932349520735756,3.0186571430993485,1.0507356609870475
30,timesfm_c,27,2.069865968492296,2.8505541734127613,-0.27302628976327403
30,timesfm_nwp_c,27,1.8713215721978083,2.9821949673729145,-0.010119614777741608
31,persistence_c,27,2.8518518518518516,3.34995854037363,2.259259259259259
31,yesterday_c,27,1.962962962962963,3.09719108105919,-0.48148148148148145
31,ecmwf_ifs_c,27,1.9333333333333333,2.4103173296538425,-1.1185185185185185
31,bias_corrected_c,27,1.7231479306064292,2.2373113850820396,-0.5286026346300821
31,ridge_corrected_c,27,1.6233238900221618,2.226004621649737,0.5401535852876742
31,timesfm_c,27,1.6332145267062717,2.2098978020660227,-0.5054406766538266
31,timesfm_nwp_c,27,1.5034715157968026,2.2764645043482945,-0.29849525734230326
32,persistence_c,27,3.4074074074074074,3.9063101847215433,3.185185185185185
32,yesterday_c,27,1.6666666666666667,2.631715396072669,-0.48148148148148145
32,ecmwf_ifs_c,27,1.7555555555555553,2.1425149638614824,-1.0666666666666667
32,bias_corrected_c,27,1.395475146894204,1.947471726541654,-0.4767507827782301
32,ridge_corrected_c,27,1.50156559318394,1.9598486830466382,0.6689172922008777
32,timesfm_c,27,1.38794270268193,1.889718959685419,-0.5744234720865885
32,timesfm_nwp_c,27,1.3175170333297164,1.934307994737942,-0.4449581570095486
33,persistence_c,27,3.740740740740741,4.185512933741636,3.6666666666666665
33,yesterday_c,27,1.7407407407407407,2.6874192494328497,-0.48148148148148145
33,ecmwf_ifs_c,27,1.7814814814814819,2.1299452262127936,-1.2555555555555558
33,bias_corrected_c,27,1.324021359499579,1.8881052035328336,-0.6656396716671191
33,ridge_corrected_c,27,1.4047480647254322,1.8902904530838813,0.5965729510083072
33,timesfm_c,27,1.2742495360197845,1.788218313002358,-0.7067425339310257
33,timesfm_nwp_c,27,1.352523026642976,1.9529045281221178,-0.6496103781240957
34,persistence_c,26,4.076923076923077,4.56575884669283,4.076923076923077
34,yesterday_c,26,1.1153846153846154,1.6756169931378433,-0.4230769230769231
34,ecmwf_ifs_c,26,1.784615384615385,2.1162375902675814,-1.3923076923076925
34,bias_corrected_c,26,1.3243341479174413,1.8185715499207993,-0.8004516375293244
34,ridge_corrected_c,26,1.2279175229760428,1.5356105517127796,0.5666767053779516
34,timesfm_c,26,1.1226831582876353,1.4548697257041094,-0.624302497276893
34,timesfm_nwp_c,26,1.2027706733116736,1.523709846461528,-0.6365152505727915
35,persistence_c,26,4.384615384615385,4.755563543407303,4.384615384615385
35,yesterday_c,26,0.9615384615384616,1.454436184706849,-0.2692307692307692
35,ecmwf_ifs_c,26,1.75,2.0923854623555678,-1.3346153846153848
35,bias_corrected_c,26,1.3988889631809174,1.7949319003874094,-0.7427593298370169
35,ridge_corrected_c,26,1.2762906689761755,1.5261935142159748,0.6854289442379694
35,timesfm_c,26,1.0227536421555738,1.2605371309958422,-0.6964944692758414
35,timesfm_nwp_c,26,1.176382725055401,1.4615453079114684,-0.6641184733464167
36,persistence_c,27,5.074074074074074,5.4602943890247175,5.074074074074074
36,yesterday_c,27,0.6296296296296297,1.0363754503432017,-0.25925925925925924
36,ecmwf_ifs_c,27,1.5074074074074073,1.8349487832190403,-1.0185185185185184
36,bias_corrected_c,27,1.0471330466822035,1.5249918252841181,-0.428602634630082
36,ridge_corrected_c,27,1.320497598600635,1.51706072225661,0.9519588393383587
36,timesfm_c,27,0.8531999941225406,1.1083042229638433,-0.40489973845305266
36,timesfm_nwp_c,27,0.8001015274612991,1.112274308457576,-0.3294888249150029
37,persistence_c,27,5.481481481481482,5.818234427371577,5.481481481481482
37,yesterday_c,27,0.8888888888888888,1.3052600138300812,-0.2222222222222222
37,ecmwf_ifs_c,27,1.5481481481481485,1.8787308560913216,-0.911111111111111
37,bias_corrected_c,27,1.210723235739055,1.5985195725516776,-0.3211952272226747
37,ridge_corrected_c,27,1.4022656066319674,1.696570160349711,1.0829835263422578
37,timesfm_c,27,0.8590636076750578,1.114241632883141,-0.2752859327528212
37,timesfm_nwp_c,27,0.9457439140037254,1.2065820748987823,-0.24273957146538627
38,persistence_c,27,5.851851851851852,6.236095644623235,5.851851851851852
38,yesterday_c,27,1.0740740740740742,1.319371343004213,-0.037037037037037035
38,ecmwf_ifs_c,27,1.3148148148148147,1.5120503616931205,-0.9000000000000001
38,bias_corrected_c,27,0.946430652952576,1.142069739184769,-0.31008411611156383
38,ridge_corrected_c,27,1.1591905095364574,1.5023886820573704,1.107296245439419
38,timesfm_c,27,0.9800629792390047,1.201069621481657,-0.18352536801938657
38,timesfm_nwp_c,27,0.9228950076633029,1.161287474391756,-0.16484740928367334
39,persistence_c,26,6.230769230769231,6.6390453437917625,6.230769230769231
39,yesterday_c,26,1.1153846153846154,1.4005493427717788,-0.11538461538461539
39,ecmwf_ifs_c,26,1.3423076923076924,1.4900955054574907,-0.9576923076923076
39,bias_corrected_c,26,0.8860975786638055,1.059655739706665,-0.3496724512860544
39,ridge_corrected_c,26,1.112719588901809,1.416616912968072,1.0020170044762942
39,timesfm_c,26,1.013190562908466,1.232638370596677,-0.23195831592266375
39,timesfm_nwp_c,26,0.8922454393826998,1.126300652977779,-0.1916541319627028
40,persistence_c,25,6.72,7.093659140387279,6.72
40,yesterday_c,25,1.12,1.296148139681572,-0.08
40,ecmwf_ifs_c,25,1.256,1.4068404316055179,-0.8080000000000002
40,bias_corrected_c,25,0.8806068380820727,1.0094950879716433,-0.21718769773519597
40,ridge_corrected_c,25,1.0795129888838715,1.3356786864097654,1.0346246560919041
40,timesfm_c,25,0.9936624145507813,1.1776230470854534,-0.1542742919921875
40,timesfm_nwp_c,25,0.8731576538085938,1.0690430434138398,-0.08052139282226563
41,persistence_c,26,6.846153846153846,7.258946734362203,6.846153846153846
41,yesterday_c,26,1.1153846153846154,1.4005493427717788,0.038461538461538464
41,ecmwf_ifs_c,26,1.2884615384615385,1.5520457963108416,-0.8961538461538462
41,bias_corrected_c,26,0.8796441438594277,1.0930268659532905,-0.2881339897475929
41,ridge_corrected_c,26,1.1058454903341899,1.3593654101291943,0.9556658041394603
41,timesfm_c,26,0.906129396878756,1.1156183947734108,-0.08115885807917668
41,timesfm_nwp_c,26,0.8459909879244291,1.1314881281023825,-0.031272594745342545
42,persistence_c,27,7.296296296296297,7.753135566408671,7.296296296296297
42,yesterday_c,27,1.1111111111111112,1.2765694770084508,0.0
42,ecmwf_ifs_c,27,1.2592592592592593,1.5030832509409646,-0.7555555555555554
42,bias_corrected_c,27,0.8361315072537325,1.025978664574066,-0.16563967166711904
42,ridge_corrected_c,27,1.0439615355147085,1.3343152653723027,0.977227864588301
42,timesfm_c,27,1.0123815183286313,1.2078992110238378,0.06257064254195602
42,timesfm_nwp_c,27,0.9054009472882306,1.0956723338170784,0.054269508079246236
43,persistence_c,26,6.884615384615385,7.235064190879984,6.884615384615385
43,yesterday_c,26,0.7307692307692307,0.9805806756909202,-0.11538461538461539
43,ecmwf_ifs_c,26,1.2846153846153845,1.490740652262389,-0.8076923076923077
43,bias_corrected_c,26,0.8758951231523299,1.0449356604489568,-0.19967245128605443
43,ridge_corrected_c,26,0.9330549672182576,1.214175894994905,0.8340555629915195
43,timesfm_c,26,0.7538627477792593,0.9178876441502567,-0.013321289649376502
43,timesfm_nwp_c,26,0.7355727415818435,0.9605302444298671,-0.07486453423133263
44,persistence_c,26,5.769230769230769,6.176879969195302,5.769230769230769
44,yesterday_c,26,0.6923076923076923,1.0,-0.07692307692307693
44,ecmwf_ifs_c,26,0.9576923076923076,1.1917988988854686,-0.36538461538461564
44,bias_corrected_c,26,0.7799900445259608,1.0280834984168894,0.2264714393937524
44,ridge_corrected_c,26,1.1361586602454687,1.3377327649721837,1.10979647068379
44,timesfm_c,26,0.831280781672551,1.1053997697631073,-0.20510042630709135
44,timesfm_nwp_c,26,0.8331319368802584,1.0585492812713932,-0.2912258735069862
45,persistence_c,26,4.153846153846154,4.428925898610702,4.153846153846154
45,yesterday_c,26,0.8846153846153846,1.255755978254962,0.038461538461538464
45,ecmwf_ifs_c,26,0.8692307692307695,1.1097470259200795,0.19230769230769246
45,bias_corrected_c,26,1.190759068050006,1.4765541804030426,0.7841637470860606
45,ridge_corrected_c,26,1.5788548743274566,1.8029471842579892,1.4863608774441892
45,timesfm_c,26,0.9224664247952975,1.31534403653802,-0.2474340292123648
45,timesfm_nwp_c,26,0.8690283115093524,1.1439769827293345,-0.2672225511991061
46,persistence_c,27,2.6666666666666665,3.2546263368615134,2.6666666666666665
46,yesterday_c,27,1.4444444444444444,1.8954135676924424,-0.037037037037037035
46,ecmwf_ifs_c,27,1.3555555555555563,1.688961986722198,0.8148148148148151
46,bias_corrected_c,27,1.7517289536457379,2.127682845108852,1.4047306987032517
46,ridge_corrected_c,27,1.9732062031969706,2.3383623172624812,1.9101745631728122
46,timesfm_c,27,1.0950971532751013,1.6418780934400163,-0.03428819444444445
46,timesfm_nwp_c,27,0.9528352949354384,1.319976383202139,0.022119663379810476
47,persistence_c,25,1.24,1.61245154965971,0.76
47,yesterday_c,25,1.04,1.5231546211727816,-0.4
47,ecmwf_ifs_c,25,1.5759999999999998,1.949358868961793,0.7840000000000003
47,bias_corrected_c,25,2.013487977323398,2.3991998325272297,1.411572146725497
47,ridge_corrected_c,25,1.9431542196676082,2.3406862274955818,1.7809456715902507
47,timesfm_c,25,0.8512832641601562,1.0967643724674856,-0.40940658569335936
47,timesfm_nwp_c,25,0.8088961791992187,1.08857914940835,-0.3468919372558594
48,persistence_c,26,1.5,1.9903613896824017,-0.11538461538461539
48,yesterday_c,26,1.5,1.9903613896824017,-0.11538461538461539
48,ecmwf_ifs_c,26,1.6576923076923071,2.103019806776034,0.9807692307692305
48,bias_corrected_c,26,2.079203953672474,2.575823503822955,1.5726252855476
48,ridge_corrected_c,26,2.1725650209078866,2.6171952362843918,1.965276957966468
48,timesfm_c,26,1.292233026944674,1.7377221171516444,-0.39394341982327974
48,timesfm_nwp_c,26,1.1659638331486628,1.5078914852500953,-0.41214972275954026
